Metric,Value
MAE,1.6130771270176112
RMSE,2.026286325022873
R2,0.9883254881106884
