model_type,alpha,beta,gamma,phi,seasonal_periods,mae,rmse,mape,forecast_value,capacity_utilization
Holt-Winters Triple Exponential Smoothing,0.9999999850988388,0.0,1.8527517202828012e-11,0.9548727336553946,13,152.22407123121388,221.49316284755858,29.552407138479857,320.66708229814463,40.08338528726808
